P,um,Fluid,SAT,Q,Re,Nu,dd,H,dn,Pr,At,mio,k,rho
2434719.954,26.82932724,HFE-7000,Pressure,0.00469387,2.190472667,14.29662,0.00006,0.005,0.00015,8,0.000625,0.00045,0.075,1400
2370577.728,26.12248568,HFE-7000,Pressure,0.0044498,2.076573333,13.76272,0.00006,0.005,0.00015,8,0.000625,0.00045,0.075,1400
2306435.502,25.57960715,HFE-7000,Pressure,0.00426677,1.991159333,13.34746,0.00006,0.005,0.00015,8,0.000625,0.00045,0.075,1400
2242293.275,24.83704006,HFE-7000,Pressure,0.00402264,1.877232,12.87288,0.00006,0.005,0.00015,8,0.000625,0.00045,0.075,1400
2178151.049,23.72943026,HFE-7000,Pressure,0.00367186,1.713534667,12.04238,0.00006,0.005,0.00015,8,0.000625,0.00045,0.075,1400
2114008.823,22.72155649,HFE-7000,Pressure,0.00336657,1.571066,11.5678,0.00006,0.005,0.00015,8,0.000625,0.00045,0.075,1400
2049866.597,21.34227719,HFE-7000,Pressure,0.00297025,1.386116667,10.44068,0.00006,0.005,0.00015,8,0.000625,0.00045,0.075,1400
1985724.37,19.86295649,HFE-7000,Pressure,0.00257276,1.200621333,10.38136,0.00006,0.005,0.00015,8,0.000625,0.00045,0.075,1400
1921582.144,20.48524538,HFE-7100,Pressure,0.00425342,2.468102921,11.88472603,0.00006,0.005,0.00015,6,0.000625,0.00038,0.073,1470
1857439.918,19.57170421,HFE-7100,Pressure,0.00404046,2.344530079,10.84861644,0.00006,0.005,0.00015,6,0.000625,0.00038,0.073,1470
1793297.692,18.74042394,HFE-7100,Pressure,0.0036442,2.114595,9.629671233,0.00006,0.005,0.00015,6,0.000625,0.00038,0.073,1470
1729400,46.4084488,PSF-3,Pressure,0.028367347,1.136381155,9.017238938,0.00004,0.004,0.00015,47,0.000049,0.00269,0.113,898
1729400,50.99501284,PAO-2,Pressure,0.122857143,1.012747939,5.389725714,0.000016,0.004,0.00015,76,0.000049,0.00461,0.14,791.7
1729155.466,17.60281355,HFE-7100,Pressure,0.00335439,1.946428934,8.959253425,0.00006,0.005,0.00015,6,0.000625,0.00038,0.073,1470
1665013.239,16.3826904,HFE-7100,Pressure,0.00295625,1.715402961,9.507780822,0.00006,0.005,0.00015,6,0.000625,0.00038,0.073,1470
1600871.013,19.16219242,FC-72,Pressure,0.0042542,1.67509125,14.28413158,0.00006,0.005,0.00015,12,0.000625,0.00064,0.057,1680
1557200,42.76367823,PSF-3,Pressure,0.023877551,1.028261437,8.327045133,0.000043,0.004,0.00015,47,0.000049,0.00269,0.113,898
1557200,46.99002825,PAO-2,Pressure,0.107142857,1.048812364,5.041663571,0.000019,0.004,0.00015,76,0.000049,0.00461,0.14,791.7
1536728.787,18.30765291,FC-72,Pressure,0.00401091,1.579295813,12.64494737,0.00006,0.005,0.00015,12,0.000625,0.00064,0.057,1680
1472586.561,17.53006141,FC-72,Pressure,0.00367439,1.446791063,12.80107895,0.00006,0.005,0.00015,12,0.000625,0.00064,0.057,1680
1470997.5,32.54409624,Water,Pressure,0.00369057,0.297193687,1.618260937,8.05279E-05,0.015,0.00043,7,0.000314,0.001,0.6,1000
1470997.5,32.54409624,Water,Pressure,0.00341887,0.275314269,1.521936201,8.05279E-05,0.015,0.00043,7,0.000314,0.001,0.6,1000
1470997.5,32.54409624,Water,Pressure,0.0030566,0.235493251,1.363938861,7.70442E-05,0.015,0.0004,7,0.000314,0.001,0.6,1000
1408444.334,16.46592433,FC-72,Pressure,0.00336988,1.32689025,11.23997368,0.00006,0.005,0.00015,12,0.000625,0.00064,0.057,1680
1385000,39.11890766,PSF-3,Pressure,0.020612245,0.970216069,6.875309735,0.000047,0.004,0.00015,47,0.000049,0.00269,0.113,898
1385000,42.98504367,PAO-2,Pressure,0.091428571,1.083404772,4.807525714,0.000023,0.004,0.00015,76,0.000049,0.00461,0.14,791.7
1344302.108,15.32460364,FC-72,Pressure,0.00295723,1.164409313,11.00578947,0.00006,0.005,0.00015,12,0.000625,0.00064,0.057,1680
1280159.882,19.22681011,FC-74,Pressure,0.0042704,1.435178734,11.74853906,0.00006,0.005,0.00015,13,0.000625,0.00079,0.064,1770
1216017.656,18.66866251,FC-74,Pressure,0.0040264,1.353176203,11.05335938,0.00006,0.005,0.00015,13,0.000625,0.00079,0.064,1770
1212800,35.47413709,PSF-3,Pressure,0.016326531,0.833891207,5.768867257,0.000051,0.004,0.00015,47,0.000049,0.00269,0.113,898
1212800,38.98005909,PAO-2,Pressure,0.076122449,1.058906198,4.445588571,0.000027,0.004,0.00015,76,0.000049,0.00461,0.14,791.7
1151875.429,17.836132,FC-74,Pressure,0.00372091,1.250508361,10.70578125,0.00006,0.005,0.00015,13,0.000625,0.00079,0.064,1770
1087733.203,17.07856769,FC-74,Pressure,0.00337007,1.132599475,9.80203125,0.00006,0.005,0.00015,13,0.000625,0.00079,0.064,1770
1040600,31.82936652,PSF-3,Pressure,0.01244898,0.723114483,4.409201062,0.000058,0.004,0.00015,47,0.000049,0.00269,0.113,898
1040600,34.9750745,PAO-2,Pressure,0.059795918,0.92421661,4.032771429,0.00003,0.004,0.00015,76,0.000049,0.00461,0.14,791.7
999740,16.04183788,FC-74,Pressure,0.00294258,0.988930367,9.106851563,0.00006,0.005,0.00015,13,0.000625,0.00079,0.064,1770
980665,26.57214331,Water,Pressure,0.00273962,0.234443297,1.387012878,8.55751E-05,0.015,0.0004,7,0.000314,0.001,0.6,1000
980665,26.57214331,Water,Pressure,0.00246792,0.211192538,1.31024059,8.55751E-05,0.015,0.0004,7,0.000314,0.001,0.6,1000
947755.914,14.92991235,FC-74,Pressure,0.00256077,0.860613209,8.620242188,0.00006,0.005,0.00015,13,0.000625,0.00079,0.064,1770
908772.6417,18.80650121,FC-40,Pressure,0.00425938,0.347640574,7.050184615,0.00006,0.005,0.00015,57,0.000625,0.0034,0.065,1850
896000,21.88210837,FC-72,Pressure,0.009017857,16.5703125,39.78933333,0.00004,0.005,0.0007,12,0.000049,0.00064,0.057,1680
896000,20.57571384,FC-72,Pressure,0.002885714,5.3025,12.35723684,0.000025,0.005,0.0007,12,0.000049,0.00064,0.057,1680
896000,28.14306435,PSF-3,Pressure,0.07,1.75260223,9.425464602,0.000025,0.004,0.00015,47,0.000049,0.00269,0.113,898
896000,30.92445374,PAO-2,Pressure,0.130204082,1.677048342,7.385714286,0.000025,0.004,0.00015,76,0.000049,0.00461,0.14,791.7
896000,21.2289111,FC-72,Pressure,0.005555,10.2073125,13.94826667,0.000016,0.005,0.0007,12,0.000049,0.00064,0.057,1680
856775.7764,18.26055502,FC-40,Pressure,0.00399964,0.326441206,6.844846154,0.00006,0.005,0.00015,57,0.000625,0.0034,0.065,1850
800000,26,Water,Pressure,0.0805614,89.44087751,225.132262,0.00111022,0.05,0.0045,7,0.002,0.001,0.6,1000
800000,26,Water,Pressure,0.0440148,38.23702122,116.6553705,0.000868731,0.05,0.0045,7,0.002,0.001,0.6,1000
800000,26,Water,Pressure,0.0300318,15.26116971,47.82901682,0.000508167,0.05,0.0045,7,0.002,0.001,0.6,1000
800000,26,Water,Pressure,0.0123941,4.822779798,20.31155783,0.000389119,0.05,0.0045,7,0.002,0.001,0.6,1000
795000,23.92488244,Water,Pressure,0.0805614,84,211,0.001042683,0.05,0.00445,7,0.002,0.001,0.6,1000
795000,23.92488244,Water,Pressure,0.0440148,33,100,0.000749748,0.05,0.00445,7,0.002,0.001,0.6,1000
790000,23.8495283,Water,Pressure,0.0805614,79,195,0.000980619,0.05,0.0044,7,0.002,0.001,0.6,1000
790000,23.8495283,Water,Pressure,0.0440148,28,87,0.00063615,0.05,0.0044,7,0.002,0.001,0.6,1000
785000,23.77393531,Water,Pressure,0.0805614,74,182,0.000918554,0.05,0.00435,7,0.002,0.001,0.6,1000
785000,23.77393531,Water,Pressure,0.0440148,23,72,0.000522552,0.05,0.00435,7,0.002,0.001,0.6,1000
782063.6951,17.4462241,FC-40,Pressure,0.00367892,0.300264794,6.434169231,0.00006,0.005,0.00015,57,0.000625,0.0034,0.065,1850
780000,23.69810119,Water,Pressure,0.0805614,69,170,0.00085649,0.05,0.0043,7,0.002,0.001,0.6,1000
780000,23.69810119,Water,Pressure,0.0440148,18,54.9152785,0.000408953,0.05,0.0043,7,0.002,0.001,0.6,1000
779000,23.68290523,Water,Pressure,0.0805614,67,180.9,0.000831664,0.05,0.00429,7,0.002,0.001,0.6,1000
779000,23.68290523,Water,Pressure,0.0805614,66,178.86,0.000819251,0.05,0.00428,7,0.002,0.001,0.6,1000
779000,23.68290523,Water,Pressure,0.079340773,65,174.85,0.000819251,0.05,0.00427,7,0.002,0.001,0.6,1000
779000,23.68290523,Water,Pressure,0.0805614,65,174.85,0.000806838,0.05,0.00427,7,0.002,0.001,0.6,1000
779000,23.68290523,Water,Pressure,0.079340773,64,166.4,0.000806647,0.05,0.00427,7,0.002,0.001,0.6,1000
779000,23.68290523,Water,Pressure,0.076861374,62,148.8,0.000806647,0.05,0.00427,7,0.002,0.001,0.6,1000
735498.75,23.01215114,Water,Pressure,0.00477736,0.486096786,2.33887833,0.00010175,0.018,0.00047,7,0.000314,0.001,0.6,1000
717040.4574,16.70522057,FC-40,Pressure,0.0033735,0.275337132,6.023469231,0.00006,0.005,0.00015,57,0.000625,0.0034,0.065,1850
700000,22.44994432,Water,Pressure,0.0805614,68,140.3362319,0.00085649,0.05,0.0043,7,0.002,0.001,0.6,1000
700000,22.44994432,Water,Pressure,0.0805614,66,151.8,0.000831664,0.05,0.00429,7,0.002,0.001,0.6,1000
700000,22.44994432,Water,Pressure,0.0805614,65,150.15,0.000819251,0.05,0.00428,7,0.002,0.001,0.6,1000
700000,22.44994432,Water,Pressure,0.079340773,64,146.56,0.000819251,0.05,0.00427,7,0.002,0.001,0.6,1000
700000,22.44994432,Water,Pressure,0.0805614,64,146.56,0.000806838,0.05,0.00427,7,0.002,0.001,0.6,1000
700000,22.44994432,Water,Pressure,0.079340773,63,138.6,0.000806647,0.05,0.00427,7,0.002,0.001,0.6,1000
700000,22.44994432,Water,Pressure,0.076861374,61,122,0.000806647,0.05,0.00427,7,0.002,0.001,0.6,1000
700000,26.19160171,R-134a,Pressure,0.000430689,0.064595863,0.8082515,0.000028,0.09,0.00051,13,0.0064,0.00023,0.01409,1232
689000,19.18866543,FC-72,Pressure,0.007834714,14.3962875,41.11335614,0.000043,0.005,0.0007,12,0.000049,0.00064,0.057,1680
689000,18.04307346,FC-72,Pressure,0.002481714,4.56015,12.12925614,0.000028,0.005,0.0007,12,0.000049,0.00064,0.057,1680
689000,27.11799916,PAO-2,Pressure,0.121020408,1.745812581,7.25464,0.000028,0.004,0.00015,76,0.000049,0.00461,0.14,791.7
689000,24.67896772,PSF-3,Pressure,0.057755102,1.619547531,6.386279646,0.000028,0.004,0.00015,47,0.000049,0.00269,0.113,898
689000,18.61586945,FC-72,Pressure,0.004804714,8.8286625,13.5892,0.000019,0.005,0.0007,12,0.000049,0.00064,0.057,1680
686465.5,22.23185013,Water,Pressure,0.00450566,0.466717056,2.29843902,0.000103585,0.015,0.00047,7,0.000314,0.001,0.6,1000
686465.5,22.23185013,Water,Pressure,0.00405283,0.397586623,2.049640269,9.8101E-05,0.015,0.00043,7,0.000314,0.001,0.6,1000
632628.883,15.69115426,FC-40,Pressure,0.00297673,0.242953699,5.202092308,0.00006,0.005,0.00015,57,0.000625,0.0034,0.065,1850
620528,19.3757436,Water,Pressure,0.00443,4.123853865,13.1659,0.000837803,0.03,0.00076,7,0.001963,0.0009,0.6,1000
620528,19.3757436,Water,Pressure,0.00443,3.892103554,12.7786,0.000790721,0.03,0.00076,7,0.001963,0.0009,0.6,1000
620528,19.3757436,Water,Pressure,0.00443,3.673169504,12.1271,0.000746242,0.03,0.00076,7,0.001963,0.0009,0.6,1000
620528,19.3757436,Water,Pressure,0.00443,3.516868211,11.3374,0.000714488,0.03,0.00076,7,0.001963,0.0009,0.6,1000
620528,19.3757436,Water,Pressure,0.00443,3.416082253,10.4414,0.000694012,0.03,0.00076,7,0.001963,0.0009,0.6,1000
620528,19.3757436,Water,Pressure,0.00443,3.270646414,9.68866,0.000664465,0.03,0.00076,7,0.001963,0.0009,0.6,1000
600000,22.5166605,Water,Pressure,0.0700742,97.67642738,228.7506058,0.0013939,0.05,0.0045,7,0.002,0.001,0.6,1000
600000,22.5166605,Water,Pressure,0.0392479,42.9595739,126.9465867,0.00109457,0.05,0.0045,7,0.002,0.001,0.6,1000
600000,22.5166605,Water,Pressure,0.028125,18.92235938,54.64227938,0.000672795,0.05,0.0045,7,0.002,0.001,0.6,1000
600000,22.5166605,Water,Pressure,0.0115996,6.147068825,22.40895827,0.000529938,0.05,0.0045,7,0.002,0.001,0.6,1000
600000,22.5166605,Water,Pressure,0.00324963,0.315823207,1.578272306,9.71874E-05,0.0171698,0.0004,7,0.0009,0.001,0.6,1000
600000,22.5166605,Water,Pressure,0.00324963,0.315823207,1.537639854,9.71874E-05,0.0190566,0.0004,7,0.0009,0.001,0.6,1000
600000,22.5166605,Water,Pressure,0.00324963,0.315823207,1.522094722,9.71874E-05,0.0216038,0.0004,7,0.0009,0.001,0.6,1000
600000,22.5166605,Water,Pressure,0.00324963,0.315823207,1.501492603,9.71874E-05,0.0242453,0.0004,7,0.0009,0.001,0.6,1000
600000,22.5166605,Water,Pressure,0.00324963,0.315823207,1.483095019,9.71874E-05,0.0137736,0.0004,7,0.0009,0.001,0.6,1000
600000,22.5166605,Water,Pressure,0.00324963,0.315823207,1.470940109,9.71874E-05,0.0261321,0.0004,7,0.0009,0.001,0.6,1000
600000,22.5166605,Water,Pressure,0.00324963,0.315823207,1.435332248,9.71874E-05,0.0281132,0.0004,7,0.0009,0.001,0.6,1000
600000,22.5166605,Water,Pressure,0.00324963,0.315823207,1.407964263,9.71874E-05,0.0110377,0.0004,7,0.0009,0.001,0.6,1000
600000,22.5166605,Water,Pressure,0.00324963,0.315823207,1.379566091,9.71874E-05,0.0300943,0.0004,7,0.0009,0.001,0.6,1000
600000,22.5166605,Water,Pressure,0.00324963,0.315823207,1.298492323,9.71874E-05,0.0327358,0.0004,7,0.0009,0.001,0.6,1000
600000,22.5166605,Water,Pressure,0.00324963,0.315823207,1.222585687,9.71874E-05,0.0346226,0.0004,7,0.0009,0.001,0.6,1000
600000,22.5166605,Water,Pressure,0.00324963,0.315823207,1.136584515,9.71874E-05,0.0366038,0.0004,7,0.0009,0.001,0.6,1000
595000,20.69782597,Water,Pressure,0.0700742,92,215,0.001312894,0.05,0.00445,7,0.002,0.001,0.6,1000
595000,20.69782597,Water,Pressure,0.0392479,37,105,0.000942726,0.05,0.00445,7,0.002,0.001,0.6,1000
590000,20.61067684,Water,Pressure,0.0700742,87,205,0.001241541,0.05,0.0044,7,0.002,0.001,0.6,1000
590000,20.61067684,Water,Pressure,0.0392479,32,91,0.00081533,0.05,0.0044,7,0.002,0.001,0.6,1000
585000,20.52315765,Water,Pressure,0.0700742,82,192,0.001170188,0.05,0.00435,7,0.002,0.001,0.6,1000
585000,20.52315765,Water,Pressure,0.0392479,37,111,0.000942726,0.05,0.00435,7,0.002,0.001,0.6,1000
584772,20.51915788,Water,Pressure,0.033120211,3.980633682,13.9804245,0.000120187,0.01451,0.00056,7,0.0002,0.001,0.6,1000
580000,20.43526364,Water,Pressure,0.0700742,77,182,0.001098835,0.05,0.0043,7,0.002,0.001,0.6,1000
580000,20.43526364,Water,Pressure,0.0392479,32,94.56077905,0.00081533,0.05,0.0043,7,0.002,0.001,0.6,1000
579000,20.41763943,Water,Pressure,0.0700742,75,202.5,0.001070294,0.05,0.00429,7,0.002,0.001,0.6,1000
579000,20.41763943,Water,Pressure,0.0700742,74,200.54,0.001056023,0.05,0.00428,7,0.002,0.001,0.6,1000
579000,20.41763943,Water,Pressure,0.069127251,73,196.37,0.001056023,0.05,0.00427,7,0.002,0.001,0.6,1000
579000,20.41763943,Water,Pressure,0.0700742,73,196.37,0.001041753,0.05,0.00427,7,0.002,0.001,0.6,1000
579000,20.41763943,Water,Pressure,0.069127251,72,187.2,0.001041557,0.05,0.00427,7,0.002,0.001,0.6,1000
579000,20.41763943,Water,Pressure,0.06720705,70,168,0.001041557,0.05,0.00427,7,0.002,0.001,0.6,1000
555838,20.00508335,Water,Pressure,0.032472935,3.954472791,12.45769603,0.000121777,0.01451,0.00056,7,0.0002,0.001,0.6,1000
550000,20.5630737,Water,Pressure,0.002907407,0.289003634,1.65670873,9.94025E-05,0.020414,0.0004,7,0.0009,0.001,0.6,1000
550000,20.5630737,Water,Pressure,0.002907407,0.289003634,1.621260133,9.94025E-05,0.0185032,0.0004,7,0.0009,0.001,0.6,1000
550000,20.5630737,Water,Pressure,0.002907407,0.289003634,1.58580988,9.94025E-05,0.0171656,0.0004,7,0.0009,0.001,0.6,1000
550000,20.5630737,Water,Pressure,0.002907407,0.289003634,1.555425842,9.94025E-05,0.0157643,0.0004,7,0.0009,0.001,0.6,1000
550000,20.5630737,Water,Pressure,0.002907407,0.289003634,1.555425842,9.94025E-05,0.0225159,0.0004,7,0.0009,0.001,0.6,1000
550000,20.5630737,Water,Pressure,0.002907407,0.289003634,1.48959155,9.94025E-05,0.0240446,0.0004,7,0.0009,0.001,0.6,1000
550000,20.5630737,Water,Pressure,0.002907407,0.289003634,1.413628141,9.94025E-05,0.0257006,0.0004,7,0.0009,0.001,0.6,1000
550000,20.5630737,Water,Pressure,0.002907407,0.289003634,1.373114986,9.94025E-05,0.0263376,0.0004,7,0.0009,0.001,0.6,1000
550000,20.5630737,Water,Pressure,0.002907407,0.289003634,1.332601831,9.94025E-05,0.0275478,0.0004,7,0.0009,0.001,0.6,1000
550000,20.5630737,Water,Pressure,0.002907407,0.289003634,1.281959558,9.94025E-05,0.028758,0.0004,7,0.0009,0.001,0.6,1000
550000,20.5630737,Water,Pressure,0.002907407,0.289003634,1.18067667,9.94025E-05,0.0296497,0.0004,7,0.0009,0.001,0.6,1000
550000,20.5630737,Water,Pressure,0.002907407,0.289003634,1.135098956,9.94025E-05,0.0319427,0.0004,7,0.0009,0.001,0.6,1000
550000,20.5630737,Water,Pressure,0.002907407,0.289003634,1.094585801,9.94025E-05,0.0337261,0.0004,7,0.0009,0.001,0.6,1000
550000,19.89974874,Water,Pressure,0.036,2.448,11.0025696,0.000068,0.00866,0.0003,7,0.0001,0.001,0.6,1000
550000,19.89974874,Water,Pressure,0.033,2.244,10.54975198,0.000068,0.00866,0.0003,7,0.0001,0.001,0.6,1000
547968.1121,14.60353605,FC-40,Pressure,0.00259479,0.211780654,4.859838462,0.00006,0.005,0.00015,57,0.000625,0.0034,0.065,1850
537563,19.67346843,Water,Pressure,0.031739016,3.898709629,10.81526251,0.000122837,0.01451,0.00056,7,0.0002,0.001,0.6,1000
516244,19.27941078,Water,Pressure,0.031091564,3.859417511,9.33119409,0.000124131,0.01451,0.00056,7,0.0002,0.001,0.6,1000
501015,18.99291447,Water,Pressure,0.030328998,3.794070257,7.649626188,0.000125097,0.01451,0.00056,7,0.0002,0.001,0.6,1000
500000,18.97366596,Water,Pressure,0.069127251,71,156.2,0.001041557,0.05,0.00427,7,0.002,0.001,0.6,1000
500000,18.97366596,Water,Pressure,0.06720705,69,138,0.001041557,0.05,0.00427,7,0.002,0.001,0.6,1000
500000,18.97366596,Water,Pressure,0.03,2.25,10.56336699,0.000075,0.00866,0.0003,7,0.0001,0.001,0.6,1000
500000,18.97366596,Water,Pressure,0.027,2.025,10.03925534,0.000075,0.00866,0.0003,7,0.0001,0.001,0.6,1000
500000,18.97366596,Water,Pressure,0.0249,1.8675,9.654217674,0.000075,0.00866,0.0003,7,0.0001,0.001,0.6,1000
500000,22.13594362,R-134a,Pressure,0.000494495,0.092707026,0.988474375,0.000035,0.09,0.00051,13,0.0064,0.00023,0.01409,1232
490332.5,18.78934272,Water,Pressure,0.00590943,0.667863962,3.048473354,0.000113017,0.018,0.00047,7,0.000314,0.001,0.6,1000
490332.5,18.78934272,Water,Pressure,0.00550189,0.621805158,2.890758624,0.000113017,0.018,0.00047,7,0.000314,0.001,0.6,1000
490332.5,18.78934272,Water,Pressure,0.00520755,0.588539838,2.778099863,0.000113017,0.018,0.00047,7,0.000314,0.001,0.6,1000
483000,16.0660356,FC-72,Pressure,0.006204286,11.400375,27.21745263,0.000047,0.005,0.0007,12,0.000049,0.00064,0.057,1680
483000,15.1068693,FC-72,Pressure,0.002250857,4.13595,10.62983158,0.000028,0.005,0.0007,12,0.000049,0.00064,0.057,1680
483000,22.70500477,PAO-2,Pressure,0.1,1.442577007,6.3624,0.000028,0.004,0.00015,76,0.000049,0.00461,0.14,791.7
483000,20.66288432,PSF-3,Pressure,0.049795918,1.396359002,5.486017699,0.000028,0.004,0.00015,47,0.000049,0.00269,0.113,898
483000,15.58645245,FC-72,Pressure,0.004242,7.794675,13.31917895,0.000023,0.005,0.0007,12,0.000049,0.00064,0.057,1680
460000,15.77238092,Water,Pressure,0.047060302,6.278148548,9.438196069,0.000133406,0.023,0.0006,7,0.0004,0.001,0.6,1000
460000,15.77238092,Water,Pressure,0.046554516,6.210673424,9.368268847,0.000133406,0.023,0.0006,7,0.0004,0.001,0.6,1000
460000,15.77238092,Water,Pressure,0.045640112,6.088685967,9.241243659,0.000133406,0.023,0.0006,7,0.0004,0.001,0.6,1000
460000,15.77238092,Water,Pressure,0.04498817,6.001712684,9.150193747,0.000133406,0.023,0.0006,7,0.0004,0.001,0.6,1000
460000,15.77238092,Water,Pressure,0.044715846,5.965382933,9.112039498,0.000133406,0.023,0.0006,7,0.0004,0.001,0.6,1000
460000,15.77238092,Water,Pressure,0.043428592,5.793654847,8.930695644,0.000133406,0.023,0.0006,7,0.0004,0.001,0.6,1000
455330,18.1062862,Water,Pressure,0.02934833,3.763444697,7.25182888,0.000128234,0.01451,0.00056,7,0.0002,0.001,0.6,1000
450000,18,Water,Pressure,0.022,1.804,9.494245498,0.000082,0.00866,0.0003,7,0.0001,0.001,0.6,1000
450000,18,Water,Pressure,0.02,1.64,9.067087157,0.000082,0.00866,0.0003,7,0.0001,0.001,0.6,1000
450000,18,Water,Pressure,0.0181,1.4842,8.640304621,0.000082,0.00866,0.0003,7,0.0001,0.001,0.6,1000
423350,17.45886594,Water,Pressure,0.028151494,3.678704469,6.698981344,0.000130675,0.01451,0.00056,7,0.0002,0.001,0.6,1000
405076,17.07790151,Water,Pressure,0.027286116,3.606603549,6.411345227,0.000132177,0.01451,0.00056,7,0.0002,0.001,0.6,1000
400000,18.38477631,Water,Pressure,0.0591102,104.5884057,226.1768964,0.00176938,0.05,0.0045,7,0.002,0.001,0.6,1000
400000,18.38477631,Water,Pressure,0.0344809,47.52192119,116.4084403,0.00137821,0.05,0.0045,7,0.002,0.001,0.6,1000
400000,18.38477631,Water,Pressure,0.0246292,21.71389085,52.28738984,0.000881632,0.05,0.0045,7,0.002,0.001,0.6,1000
400000,18.38477631,Water,Pressure,0.0106462,7.539340746,22.92340961,0.000708172,0.05,0.0045,7,0.002,0.001,0.6,1000
400000,15,Water,Pressure,0.00246,0.52770444,5.542200865,0.000214514,0.0100037,0.00064,7,0.0019635,0.001,0.6,1000
400000,15,Water,Pressure,0.00246,0.5165385,5.535075384,0.000209975,0.0130909,0.00064,7,0.0019635,0.001,0.6,1000
400000,15,Water,Pressure,0.00246,0.50537256,6.61167005,0.000205436,0.029974,0.00064,7,0.0019635,0.001,0.6,1000
400000,15,Water,Pressure,0.00246,0.5019384,6.449002502,0.00020404,0.028141,0.00064,7,0.0019635,0.001,0.6,1000
400000,14,Water,Pressure,0.001184,0.241536,5.370232,0.000204,0.00511968,0.00046,7,0.0019635,0.001,0.6,1000
400000,15,Water,Pressure,0.00246,0.49850178,5.703241332,0.000202643,0.0150204,0.00064,7,0.0019635,0.001,0.6,1000
400000,14,Water,Pressure,0.001184,0.239168,5.335224,0.000202,0.0076104,0.00046,7,0.0019635,0.001,0.6,1000
400000,15,Water,Pressure,0.00246,0.492492,6.212109904,0.0002002,0.025102,0.00064,7,0.0019635,0.001,0.6,1000
400000,15,Water,Pressure,0.00246,0.48991392,6.022882241,0.000199152,0.0231243,0.00064,7,0.0019635,0.001,0.6,1000
400000,15,Water,Pressure,0.00246,0.4873383,5.876895764,0.000198105,0.0201336,0.00064,7,0.0019635,0.001,0.6,1000
400000,15,Water,Pressure,0.00246,0.4873383,5.669051922,0.000198105,0.0180111,0.00064,7,0.0019635,0.001,0.6,1000
400000,14,Water,Pressure,0.001184,0.234432,5.216607,0.000198,0.00986066,0.00046,7,0.0019635,0.001,0.6,1000
400000,14,Water,Pressure,0.001184,0.227328,5.008224,0.000192,0.0129956,0.00046,7,0.0019635,0.001,0.6,1000
400000,14,Water,Pressure,0.001184,0.21904,4.716544167,0.000185,0.0150873,0.00046,7,0.0019635,0.001,0.6,1000
400000,14,Water,Pressure,0.001184,0.210752,4.044516,0.000178,0.0230136,0.00046,7,0.0019635,0.001,0.6,1000
400000,14,Water,Pressure,0.001184,0.209568,4.1956965,0.000177,0.0198757,0.00046,7,0.0019635,0.001,0.6,1000
400000,14,Water,Pressure,0.001184,0.209568,3.8633495,0.000177,0.0249056,0.00046,7,0.0019635,0.001,0.6,1000
400000,14,Water,Pressure,0.001184,0.2072,4.304941667,0.000175,0.0178632,0.00046,7,0.0019635,0.001,0.6,1000
400000,16.97056275,Water,Pressure,0.002955,0.31914,1.7458722,0.000108,0.0235238,0.0004,7,0.0009,0.001,0.6,1000
400000,16.97056275,Water,Pressure,0.002955,0.31914,1.7291826,0.000108,0.0209524,0.0004,7,0.0009,0.001,0.6,1000
400000,16.97056275,Water,Pressure,0.002955,0.31914,1.7068914,0.000108,0.0177143,0.0004,7,0.0009,0.001,0.6,1000
400000,16.97056275,Water,Pressure,0.002955,0.31914,1.6709634,0.000108,0.0259048,0.0004,7,0.0009,0.001,0.6,1000
400000,16.97056275,Water,Pressure,0.002955,0.31914,1.6157088,0.000108,0.0153333,0.0004,7,0.0009,0.001,0.6,1000
400000,16.97056275,Water,Pressure,0.002955,0.31914,1.5672186,0.000108,0.0293333,0.0004,7,0.0009,0.001,0.6,1000
400000,16.97056275,Water,Pressure,0.002955,0.31914,1.520946,0.000108,0.0317143,0.0004,7,0.0009,0.001,0.6,1000
400000,16.97056275,Water,Pressure,0.002955,0.31914,1.5130548,0.000108,0.0130476,0.0004,7,0.0009,0.001,0.6,1000
400000,16.97056275,Water,Pressure,0.002955,0.31914,1.4457816,0.000108,0.0354286,0.0004,7,0.0009,0.001,0.6,1000
400000,16.97056275,Water,Pressure,0.051,5.508,11.3695267,0.000108,0.00866,0.0003,7,0.0001,0.001,0.6,1000
400000,16.97056275,Water,Pressure,0.053,5.671,11.94999183,0.000107,0.00866,0.0003,7,0.0001,0.001,0.6,1000
400000,16.97056275,Water,Pressure,0.055,5.83,12.44691151,0.000106,0.00866,0.0003,7,0.0001,0.001,0.6,1000
400000,16.97056275,Water,Pressure,0.0157,1.3973,8.392147668,0.000089,0.00866,0.0003,7,0.0001,0.001,0.6,1000
400000,16.97056275,Water,Pressure,0.014,1.246,7.940236283,0.000089,0.00866,0.0003,7,0.0001,0.001,0.6,1000
400000,16.97056275,Water,Pressure,0.012,1.068,7.370519963,0.000089,0.00866,0.0003,7,0.0001,0.001,0.6,1000
395000,16.86416319,Water,Pressure,0.0591102,99,213,0.001674838,0.05,0.00445,7,0.002,0.001,0.6,1000
395000,16.86416319,Water,Pressure,0.0344809,42,105,0.001218066,0.05,0.00445,7,0.002,0.001,0.6,1000
392266,16.80569903,Water,Pressure,0.00672453,0.846438421,3.708939118,0.000125873,0.018,0.00051,7,0.000314,0.001,0.6,1000
392266,16.80569903,Water,Pressure,0.00629434,0.792289009,3.58346447,0.000125873,0.018,0.00051,7,0.000314,0.001,0.6,1000
390000,16.75708805,Water,Pressure,0.0591102,94,200,0.00159025,0.05,0.0044,7,0.002,0.001,0.6,1000
390000,16.75708805,Water,Pressure,0.0344809,38,91,0.001102059,0.05,0.0044,7,0.002,0.001,0.6,1000
385000,16.64932431,Water,Pressure,0.0591102,89,195,0.001505662,0.05,0.00435,7,0.002,0.001,0.6,1000
385000,16.64932431,Water,Pressure,0.0344809,33,78,0.000957052,0.05,0.00435,7,0.002,0.001,0.6,1000
380000,16.5408585,Water,Pressure,0.0591102,84,184,0.001421075,0.05,0.0043,7,0.002,0.001,0.6,1000
380000,16.5408585,Water,Pressure,0.0344809,28,68.5880589,0.000812044,0.05,0.0043,7,0.002,0.001,0.6,1000
379000,16.51907988,Water,Pressure,0.0591102,82,205,0.001387239,0.05,0.00429,7,0.002,0.001,0.6,1000
379000,16.51907988,Water,Pressure,0.0591102,81,203.31,0.001370322,0.05,0.00428,7,0.002,0.001,0.6,1000
379000,16.51907988,Water,Pressure,0.058380444,80,199.2,0.001370322,0.05,0.00427,7,0.002,0.001,0.6,1000
379000,16.51907988,Water,Pressure,0.0591102,80,199.2,0.001353404,0.05,0.00427,7,0.002,0.001,0.6,1000
379000,16.51907988,Water,Pressure,0.058380444,79,189.6,0.001353193,0.05,0.00427,7,0.002,0.001,0.6,1000
379000,16.51907988,Water,Pressure,0.056902459,77,169.4,0.001353193,0.05,0.00427,7,0.002,0.001,0.6,1000
367005,16.25557135,Water,Pressure,0.0263058,3.56705747,5.891579198,0.0001356,0.01451,0.00056,7,0.0002,0.001,0.6,1000
360000,13.95306418,Water,Pressure,0.040915333,5.816140622,9.133557384,0.000142151,0.023,0.0006,7,0.0004,0.001,0.6,1000
360000,13.95306418,Water,Pressure,0.040864298,5.808885891,9.125715408,0.000142151,0.023,0.0006,7,0.0004,0.001,0.6,1000
360000,13.95306418,Water,Pressure,0.040237621,5.719803403,9.029171435,0.000142151,0.023,0.0006,7,0.0004,0.001,0.6,1000
360000,13.95306418,Water,Pressure,0.039016921,5.546280117,8.839755713,0.000142151,0.023,0.0006,7,0.0004,0.001,0.6,1000
360000,13.95306418,Water,Pressure,0.037230713,5.292369477,8.559221434,0.000142151,0.023,0.0006,7,0.0004,0.001,0.6,1000
360000,13.95306418,Water,Pressure,0.036440159,5.179991817,8.433726115,0.000142151,0.023,0.0006,7,0.0004,0.001,0.6,1000
360000,13.95306418,Water,Pressure,0.03602901,5.12154668,8.368123597,0.000142151,0.023,0.0006,7,0.0004,0.001,0.6,1000
350000,15.87450787,Water,Pressure,0.046,5.106,10.50863162,0.000111,0.00866,0.0003,7,0.0001,0.001,0.6,1000
350000,15.87450787,Water,Pressure,0.049,5.39,10.897205,0.00011,0.00866,0.0003,7,0.0001,0.001,0.6,1000
345000,19.18923138,PAO-2,Pressure,0.084693878,1.178139603,5.316801429,0.000027,0.004,0.00015,76,0.000049,0.00461,0.14,791.7
345000,17.4633246,PSF-3,Pressure,0.043265306,1.169900311,3.513966372,0.000027,0.004,0.00015,47,0.000049,0.00269,0.113,898
344000,13.5585854,FC-72,Pressure,0.005151,9.4649625,23.59931053,0.000051,0.005,0.0007,12,0.000049,0.00064,0.057,1680
344000,13.15385151,FC-72,Pressure,0.003794714,6.9727875,11.69606842,0.000027,0.005,0.0007,12,0.000049,0.00064,0.057,1680
344000,12.74911762,FC-72,Pressure,0.001846857,3.3936,8.749136842,0.000027,0.005,0.0007,12,0.000049,0.00064,0.057,1680
325888,15.31794242,Water,Pressure,0.02486362,3.47686878,5.272040327,0.000139838,0.01451,0.00056,7,0.0002,0.001,0.6,1000
307000,15.3629945,Water,Gas,0.010309,0.51545,1.111091667,0.00005,0.015,0.0001,7,0.00113411,0.001,0.6,1000
307000,15.3629945,Water,Gas,0.00301222,0.150611,0.628829167,0.00005,0.019,0.0001,7,0.00113411,0.001,0.6,1000
300000,13.3,Water,Pressure,0.002181,0.494504673,4.953934664,0.000226733,0.0101002,0.00064,7,0.0019635,0.001,0.6,1000
300000,13.3,Water,Pressure,0.002181,0.489174309,4.994655855,0.000224289,0.0129462,0.00064,7,0.0019635,0.001,0.6,1000
300000,13.3,Water,Pressure,0.002181,0.483843945,5.731605168,0.000221845,0.0279963,0.00064,7,0.0019635,0.001,0.6,1000
300000,13.3,Water,Pressure,0.002181,0.483082776,5.838776317,0.000221496,0.0301187,0.00064,7,0.0019635,0.001,0.6,1000
300000,13.3,Water,Pressure,0.002181,0.482321607,5.56274933,0.000221147,0.0250056,0.00064,7,0.0019635,0.001,0.6,1000
300000,13.3,Water,Pressure,0.002181,0.474707736,5.417849621,0.000217656,0.0229796,0.00064,7,0.0019635,0.001,0.6,1000
300000,13.3,Water,Pressure,0.002181,0.471660879,4.986006951,0.000216259,0.0150686,0.00064,7,0.0019635,0.001,0.6,1000
300000,13.3,Water,Pressure,0.002181,0.47089971,5.238468875,0.00021591,0.0198924,0.00064,7,0.0019635,0.001,0.6,1000
300000,13.3,Water,Pressure,0.002181,0.470138541,5.071693341,0.000215561,0.0180594,0.00064,7,0.0019635,0.001,0.6,1000
300000,12.5,Water,Pressure,0.001057,0.22197,4.762065,0.00021,0.00503923,0.00046,7,0.0019635,0.001,0.6,1000
300000,12.5,Water,Pressure,0.001057,0.216685,4.668806667,0.000205,0.00700746,0.00046,7,0.0019635,0.001,0.6,1000
300000,12.5,Water,Pressure,0.001057,0.210343,4.532158667,0.000199,0.00994049,0.00046,7,0.0019635,0.001,0.6,1000
300000,12.5,Water,Pressure,0.001057,0.199773,4.254894,0.000189,0.0130356,0.00046,7,0.0019635,0.001,0.6,1000
300000,12.5,Water,Pressure,0.001057,0.197659,3.554558333,0.000187,0.0248669,0.00046,7,0.0019635,0.001,0.6,1000
300000,12.5,Water,Pressure,0.001057,0.193431,3.5534635,0.000183,0.022896,0.00046,7,0.0019635,0.001,0.6,1000
300000,12.5,Water,Pressure,0.001057,0.192374,4.034727667,0.000182,0.0150464,0.00046,7,0.0019635,0.001,0.6,1000
300000,12.5,Water,Pressure,0.001057,0.19026,3.72807,0.00018,0.0190721,0.00046,7,0.0019635,0.001,0.6,1000
300000,12.5,Water,Pressure,0.001057,0.189203,3.818726333,0.000179,0.0180643,0.00046,7,0.0019635,0.001,0.6,1000
300000,14.69693846,Water,Pressure,0.04,4.56,8.337352926,0.000114,0.00866,0.0003,7,0.0001,0.001,0.6,1000
300000,14.69693846,Water,Pressure,0.042,4.746,9.041897881,0.000113,0.00866,0.0003,7,0.0001,0.001,0.6,1000
300000,14.69693846,Water,Pressure,0.044,4.928,10.172904,0.000112,0.00866,0.0003,7,0.0001,0.001,0.6,1000
300000,17.1464282,R-134a,Pressure,0.000558301,0.149527461,1.37049375,0.00005,0.09,0.00051,13,0.0064,0.00023,0.01409,1232
300000,15.18683641,Water,Gas,0.0291623,1.458115,2.438641667,0.00005,0.015,0.0001,7,0.00113411,0.001,0.6,1000
300000,15.18683641,Water,Gas,0.0095067,0.475335,1.500175,0.00005,0.019,0.0001,7,0.00113411,0.001,0.6,1000
294199.5,14.55416229,Water,Pressure,0.00772075,1.047012956,4.30675601,0.00013561,0.02,0.00051,7,0.000314,0.001,0.6,1000
294199.5,14.55416229,Water,Pressure,0.00731321,0.991746349,4.158059354,0.00013561,0.018,0.00051,7,0.000314,0.001,0.6,1000
294199.5,14.55416229,Water,Pressure,0.00704151,0.954901039,4.049932769,0.00013561,0.018,0.00051,7,0.000314,0.001,0.6,1000
293000,15.00861086,Water,Gas,0.0221914,1.10957,2.327725,0.00005,0.015,0.0001,7,0.00113411,0.001,0.6,1000
293000,15.00861086,Water,Gas,0.00991081,0.4955405,1.883675,0.00005,0.019,0.0001,7,0.00113411,0.001,0.6,1000
293000,15.00861086,Water,Gas,0.00774885,0.3874425,1.672933333,0.00005,0.019,0.0001,7,0.00113411,0.001,0.6,1000
293000,15.00861086,Water,Gas,0.00396689,0.1983445,1.352833333,0.00005,0.023,0.0001,7,0.00113411,0.001,0.6,1000
293000,15.00861086,Water,Gas,0.0034117,0.170585,1.104191667,0.00005,0.023,0.0001,7,0.00113411,0.001,0.6,1000
278585.1622,13.69058425,Water,Pressure,0.005,25.2664,78.24973287,0.00505328,0.254,0.007168443,7,0.00005,0.001,0.6,1000
275790,13.62172941,Water,Pressure,0.005,22.5322,73.91668482,0.00450644,0.254,0.007168443,7,0.00005,0.001,0.6,1000
274800,14.76943601,Water,Pressure,0.0045,0.198,0.377624247,0.000044,0.013,0.000491,7,0.0007,0.001,0.6,1000
274800,14.76943601,Water,Pressure,0.0044,0.1936,0.37173032,0.000044,0.013,0.000491,7,0.0007,0.001,0.6,1000
274800,14.76943601,Water,Pressure,0.0043,0.1892,0.365796067,0.000044,0.013,0.000491,7,0.0007,0.001,0.6,1000
274800,14.76943601,Water,Pressure,0.0042,0.1848,0.359820262,0.000044,0.013,0.000491,7,0.0007,0.001,0.6,1000
274800,14.76943601,Water,Pressure,0.0041,0.1804,0.353801616,0.000044,0.013,0.000491,7,0.0007,0.001,0.6,1000
274800,14.76943601,Water,Pressure,0.004,0.176,0.347738764,0.000044,0.013,0.000491,7,0.0007,0.001,0.6,1000
274800,14.76943601,Water,Pressure,0.0039,0.1716,0.341630265,0.000044,0.013,0.000491,7,0.0007,0.001,0.6,1000
274800,14.76943601,Water,Pressure,0.0038,0.1672,0.33547459,0.000044,0.013,0.000491,7,0.0007,0.001,0.6,1000
274800,14.76943601,Water,Pressure,0.0037,0.1628,0.329270118,0.000044,0.013,0.000491,7,0.0007,0.001,0.6,1000
274800,14.76943601,Water,Pressure,0.0036,0.1584,0.323015129,0.000044,0.013,0.000491,7,0.0007,0.001,0.6,1000
274800,14.76943601,Water,Pressure,0.0035,0.154,0.316707788,0.000044,0.013,0.000491,7,0.0007,0.001,0.6,1000
274800,14.76943601,Water,Pressure,0.0034,0.1496,0.310346145,0.000044,0.013,0.000491,7,0.0007,0.001,0.6,1000
274800,14.76943601,Water,Pressure,0.0033,0.1452,0.303928111,0.000044,0.013,0.000491,7,0.0007,0.001,0.6,1000
274800,14.76943601,Water,Pressure,0.0032,0.1408,0.297451455,0.000044,0.013,0.000491,7,0.0007,0.001,0.6,1000
274800,14.76943601,Water,Pressure,0.0031,0.1364,0.290913783,0.000044,0.013,0.000491,7,0.0007,0.001,0.6,1000
274800,14.76943601,Water,Pressure,0.003,0.132,0.284312524,0.000044,0.013,0.000491,7,0.0007,0.001,0.6,1000
274800,14.76943601,Water,Pressure,0.0029,0.1276,0.277644907,0.000044,0.013,0.000491,7,0.0007,0.001,0.6,1000
274800,14.76943601,Water,Pressure,0.0028,0.1232,0.27090794,0.000044,0.013,0.000491,7,0.0007,0.001,0.6,1000
274800,14.76943601,Water,Pressure,0.0027,0.1188,0.264098386,0.000044,0.013,0.000491,7,0.0007,0.001,0.6,1000
274800,14.76943601,Water,Pressure,0.0026,0.1144,0.257212728,0.000044,0.013,0.000491,7,0.0007,0.001,0.6,1000
274800,14.76943601,Water,Pressure,0.0025,0.11,0.250247138,0.000044,0.013,0.000491,7,0.0007,0.001,0.6,1000
274800,14.76943601,Water,Pressure,0.0024,0.1056,0.24319743,0.000044,0.013,0.000491,7,0.0007,0.001,0.6,1000
274800,14.76943601,Water,Pressure,0.0023,0.1012,0.236059019,0.000044,0.013,0.000491,7,0.0007,0.001,0.6,1000
274800,14.76943601,Water,Pressure,0.0022,0.0968,0.228826854,0.000044,0.013,0.000491,7,0.0007,0.001,0.6,1000
272994.8378,13.55252474,Water,Pressure,0.005,20.3808,65.92158567,0.00407616,0.254,0.007168443,7,0.00005,0.001,0.6,1000
272000,15.16047493,Water,Pressure,0.036054422,4.957482993,25.145725,0.00055,0.0033,0.0007,7,0.000049,0.001,0.6,1000
272000,15.16047493,Water,Pressure,0.018027211,2.478741497,22.34063333,0.00055,0.0033,0.0007,7,0.000049,0.001,0.6,1000
272000,15.16047493,Water,Pressure,0.009013605,1.239370748,20.33698333,0.00055,0.0033,0.0007,7,0.000049,0.001,0.6,1000
272000,15.16047493,Water,Pressure,0.036054422,4.506802721,21.949,0.0005,0.005,0.0007,7,0.000049,0.001,0.6,1000
272000,15.16047493,Water,Pressure,0.018027211,2.253401361,19.49,0.0005,0.005,0.0007,7,0.000049,0.001,0.6,1000
272000,15.16047493,Water,Pressure,0.009013605,1.12670068,17.94175,0.0005,0.005,0.0007,7,0.000049,0.001,0.6,1000
272000,15.16047493,Water,Pressure,0.036054422,4.146258503,19.60658,0.00046,0.007,0.0007,7,0.000049,0.001,0.6,1000
272000,15.16047493,Water,Pressure,0.018027211,2.073129252,17.59561333,0.00046,0.007,0.0007,7,0.000049,0.001,0.6,1000
272000,15.16047493,Water,Pressure,0.009013605,1.036564626,16.00363,0.00046,0.007,0.0007,7,0.000049,0.001,0.6,1000
270199.6757,13.48296487,Water,Pressure,0.005,14.8703,49.52867256,0.00297406,0.254,0.007168443,7,0.00005,0.001,0.6,1000
267404.5135,13.41304427,Water,Pressure,0.005,6.21,33.73152074,0.001242,0.254,0.00414,7,0.00005,0.001,0.6,1000
264609.3514,13.34275727,Water,Pressure,0.005,6.48012,28.79719995,0.001296024,0.254,0.00432008,7,0.00005,0.001,0.6,1000
261814.1892,13.27209804,Water,Pressure,0.005,5.08016,25.33125725,0.001016032,0.254,0.003386773,7,0.00005,0.001,0.6,1000
260000,11.85782442,Water,Pressure,0.033935885,5.248222447,8.736628113,0.000154651,0.023,0.0006,7,0.0004,0.001,0.6,1000
260000,11.85782442,Water,Pressure,0.033630807,5.20104177,8.682500223,0.000154651,0.023,0.0006,7,0.0004,0.001,0.6,1000
260000,11.85782442,Water,Pressure,0.033287249,5.147910139,8.621361482,0.000154651,0.023,0.0006,7,0.0004,0.001,0.6,1000
260000,11.85782442,Water,Pressure,0.031970337,4.944248232,8.385157679,0.000154651,0.023,0.0006,7,0.0004,0.001,0.6,1000
260000,11.85782442,Water,Pressure,0.031872995,4.929194154,8.367579002,0.000154651,0.023,0.0006,7,0.0004,0.001,0.6,1000
260000,11.85782442,Water,Pressure,0.030855383,4.771819453,8.182796695,0.000154651,0.023,0.0006,7,0.0004,0.001,0.6,1000
260000,11.85782442,Water,Pressure,0.029390499,4.545273384,7.913420228,0.000154651,0.023,0.0006,7,0.0004,0.001,0.6,1000
259019.027,13.20106062,Water,Pressure,0.005,5.69629,26.05698958,0.001139258,0.254,0.003797527,7,0.00005,0.001,0.6,1000
258000,14.0836927,Water,Gas,0.0264885,1.324425,1.989866667,0.00005,0.015,0.0001,7,0.00113411,0.001,0.6,1000
258000,14.0836927,Water,Gas,0.0231026,1.15513,1.830941667,0.00005,0.015,0.0001,7,0.00113411,0.001,0.6,1000
258000,14.0836927,Water,Gas,0.0183126,0.91563,1.665458333,0.00005,0.015,0.0001,7,0.00113411,0.001,0.6,1000
258000,14.0836927,Water,Gas,0.00795682,0.397841,1.269483333,0.00005,0.019,0.0001,7,0.00113411,0.001,0.6,1000
258000,14.0836927,Water,Gas,0.00665891,0.3329455,1.036308333,0.00005,0.019,0.0001,7,0.00113411,0.001,0.6,1000
258000,14.0836927,Water,Gas,0.00364739,0.1823695,0.675071667,0.00005,0.019,0.0001,7,0.00113411,0.001,0.6,1000
258000,14.0836927,Water,Gas,0.00297434,0.148717,0.879825,0.00005,0.023,0.0001,7,0.00113411,0.001,0.6,1000
258000,14.0836927,Water,Gas,0.0010099,0.050495,0.497551667,0.00005,0.023,0.0001,7,0.00113411,0.001,0.6,1000
258000,14.0836927,Water,Gas,0.000758235,0.03791175,0.510390833,0.00005,0.023,0.0001,7,0.00113411,0.001,0.6,1000
256223.8649,13.12963885,Water,Pressure,0.005,7.06241,32.29183717,0.001412482,0.254,0.004708273,7,0.00005,0.001,0.6,1000
253428.7027,13.05782643,Water,Pressure,0.005,4.27787,22.27584453,0.000855574,0.254,0.002851913,7,0.00005,0.001,0.6,1000
250633.5405,12.98561689,Water,Pressure,0.005,4.09748,20.44041566,0.000819496,0.254,0.002731653,7,0.00005,0.001,0.6,1000
250000,13.41640786,Water,Pressure,0.034,3.978,7.019563915,0.000117,0.00866,0.0003,7,0.0001,0.001,0.6,1000
250000,13.41640786,Water,Pressure,0.036,4.176,7.515224699,0.000116,0.00866,0.0003,7,0.0001,0.001,0.6,1000
250000,13.41640786,Water,Pressure,0.038,4.37,8.017798171,0.000115,0.00866,0.0003,7,0.0001,0.001,0.6,1000
247838.3784,12.91300356,Water,Pressure,0.005,3.50102,20.4538006,0.000700204,0.254,0.002334013,7,0.00005,0.001,0.6,1000
245043.2162,12.83997959,Water,Pressure,0.005,3.16722,19.59943865,0.000633444,0.254,0.00211148,7,0.00005,0.001,0.6,1000
244000,13.69624766,Water,Gas,0.00535062,0.267531,0.931341667,0.00005,0.019,0.0001,7,0.00113411,0.001,0.6,1000
244000,13.69624766,Water,Gas,0.00245367,0.1226835,0.565095833,0.00005,0.019,0.0001,7,0.00113411,0.001,0.6,1000
244000,13.69624766,Water,Gas,0.0019718,0.09859,0.526460833,0.00005,0.019,0.0001,7,0.00113411,0.001,0.6,1000
244000,13.69624766,Water,Gas,0.00165093,0.0825465,0.5022675,0.00005,0.019,0.0001,7,0.00113411,0.001,0.6,1000
242248.0541,12.76653793,Water,Pressure,0.005,3.16675,18.24143533,0.00063335,0.254,0.002111167,7,0.00005,0.001,0.6,1000
239452.8919,12.69267134,Water,Pressure,0.005,2.82464,19.053572,0.000564928,0.254,0.001883093,7,0.00005,0.001,0.6,1000
239061,12.02630055,Water,Pressure,0.00275,3.108481427,8.53113,0.001017321,0.03,0.00061,7,0.001963,0.0009,0.6,1000
239061,12.02630055,Water,Pressure,0.00275,2.976682326,8.53175,0.000974187,0.03,0.00061,7,0.001963,0.0009,0.6,1000
239061,12.02630055,Water,Pressure,0.00275,2.789132847,8.21906,0.000912807,0.03,0.00061,7,0.001963,0.0009,0.6,1000
239061,12.02630055,Water,Pressure,0.00275,2.484726064,8.09843,0.000813183,0.03,0.00061,7,0.001963,0.0009,0.6,1000
239061,12.02630055,Water,Pressure,0.00275,2.278366678,7.91965,0.000745647,0.03,0.00061,7,0.001963,0.0009,0.6,1000
239061,12.02630055,Water,Pressure,0.00275,2.104249214,7.68693,0.000688663,0.03,0.00061,7,0.001963,0.0009,0.6,1000
239061,12.02630055,Water,Pressure,0.00275,2.01499312,7.63013,0.000659452,0.03,0.00061,7,0.001963,0.0009,0.6,1000
236657.7297,12.61837234,Water,Pressure,0.005,2.78428,18.2512043,0.000556856,0.254,0.001856187,7,0.00005,0.001,0.6,1000
233862.5676,12.54363326,Water,Pressure,0.005,2.98961,15.35746073,0.000597922,0.254,0.001993073,7,0.00005,0.001,0.6,1000
231067.4054,12.46844619,Water,Pressure,0.005,2.4467,14.10128797,0.00048934,0.254,0.001631133,7,0.00005,0.001,0.6,1000
228272.2432,12.39280296,Water,Pressure,0.005,2.15088,13.13127309,0.000430176,0.254,0.00143392,7,0.00005,0.001,0.6,1000
225477.0811,12.31669518,Water,Pressure,0.005,2.00268,13.91179913,0.000400536,0.254,0.00133512,7,0.00005,0.001,0.6,1000
224000,13.1229265,Water,Gas,0.0153292,0.76646,1.478608333,0.00005,0.015,0.0001,7,0.00113411,0.001,0.6,1000
224000,13.1229265,Water,Gas,0.0131876,0.65938,1.328366667,0.00005,0.015,0.0001,7,0.00113411,0.001,0.6,1000
224000,13.1229265,Water,Gas,0.0116596,0.58298,1.207616667,0.00005,0.015,0.0001,7,0.00113411,0.001,0.6,1000
224000,13.1229265,Water,Gas,0.00453922,0.226961,0.751156667,0.00005,0.019,0.0001,7,0.00113411,0.001,0.6,1000
222681.9189,12.24011418,Water,Pressure,0.005,1.9736,11.8796203,0.00039472,0.254,0.001315733,7,0.00005,0.001,0.6,1000
219886.7568,12.16305101,Water,Pressure,0.005,1.6855,9.447030387,0.0003371,0.254,0.001123667,7,0.00005,0.001,0.6,1000
217091.5946,12.08549647,Water,Pressure,0.005,1.569,8.92230553,0.0003138,0.254,0.001046,7,0.00005,0.001,0.6,1000
215746.3,12.46343997,Water,Pressure,0.00883019,1.297626018,5.106457532,0.000146953,0.02,0.00051,7,0.000314,0.001,0.6,1000
215746.3,12.46343997,Water,Pressure,0.00853585,1.254371768,4.959969532,0.000146953,0.02,0.00051,7,0.000314,0.001,0.6,1000
215746.3,12.46343997,Water,Pressure,0.00824151,1.211117519,4.842774234,0.000146953,0.02,0.00051,7,0.000314,0.001,0.6,1000
214296.4324,12.00744102,Water,Pressure,0.005,1.46081,9.185017892,0.000292162,0.254,0.000973873,7,0.00005,0.001,0.6,1000
211501.2703,11.92887483,Water,Pressure,0.005,1.23047,9.3245246,0.000246094,0.254,0.000820313,7,0.00005,0.001,0.6,1000
208706.1081,11.84978774,Water,Pressure,0.005,1.14545,8.93396997,0.00022909,0.254,0.000763633,7,0.00005,0.001,0.6,1000
207000,10.51768918,FC-72,Pressure,0.004025571,7.3969875,25.45854035,0.000058,0.005,0.0007,12,0.000049,0.00064,0.057,1680
207000,10.20372831,FC-72,Pressure,0.003131,5.7532125,10.94705263,0.00003,0.005,0.0007,12,0.000049,0.00064,0.057,1680
207000,9.889767439,FC-72,Pressure,0.001500571,2.7573,7.083947368,0.000027,0.005,0.0007,12,0.000049,0.00064,0.057,1680
207000,13.52703307,PSF-3,Pressure,0.036122449,0.976756392,2.948877876,0.000027,0.004,0.00015,47,0.000049,0.00269,0.113,898
207000,14.86391471,PAO-2,Pressure,0.066122449,0.919800558,4.6629,0.000027,0.004,0.00015,76,0.000049,0.00461,0.14,791.7
205910.9459,11.77016926,Water,Pressure,0.005,1.17841,7.963401035,0.000235682,0.254,0.000785607,7,0.00005,0.001,0.6,1000
203115.7838,11.69000853,Water,Pressure,0.005,1.00675,7.52373911,0.00020135,0.254,0.000671167,7,0.00005,0.001,0.6,1000
200320.6216,11.6092943,Water,Pressure,0.005,1.09702,7.740231126,0.000219404,0.254,0.000731347,7,0.00005,0.001,0.6,1000
200000,13,Water,Pressure,0.048464,107.9070346,188.4357911,0.00222654,0.05,0.0045,7,0.002,0.001,0.6,1000
200000,13,Water,Pressure,0.0282839,48.92944997,95.2418467,0.00172994,0.05,0.0045,7,0.002,0.001,0.6,1000
200000,13,Water,Pressure,0.0214513,24.99762892,48.47401026,0.00116532,0.05,0.0045,7,0.002,0.001,0.6,1000
200000,13,Water,Pressure,0.009375,8.979609375,21.22715801,0.000957825,0.05,0.0045,7,0.002,0.001,0.6,1000
200000,12.4,Water,Gas,0.00129102,0.064551,0.473640833,0.00005,0.023,0.0001,7,0.00113411,0.001,0.6,1000
197525.4595,11.52801497,Water,Pressure,0.005,1.08119,6.900537213,0.000216238,0.254,0.000720793,7,0.00005,0.001,0.6,1000
196133,11.88342375,Water,Pressure,0.00998491,1.503987949,5.954776517,0.000150626,0.022,0.00051,7,0.000314,0.001,0.6,1000
196133,11.88342375,Water,Pressure,0.00969057,1.459652666,5.774602609,0.000150626,0.022,0.00051,7,0.000314,0.001,0.6,1000
196133,11.88342375,Water,Pressure,0.00935094,1.408495527,5.654478303,0.000150626,0.022,0.00051,7,0.000314,0.001,0.6,1000
196133,11.88342375,Water,Pressure,0.00907925,1.367571925,5.474304395,0.000150626,0.022,0.00051,7,0.000314,0.001,0.6,1000
195000,11.84905059,Water,Pressure,0.048464,102,179,0.002104655,0.05,0.00445,7,0.002,0.001,0.6,1000
195000,11.84905059,Water,Pressure,0.0282839,43,80,0.0015203,0.05,0.00445,7,0.002,0.001,0.6,1000
194730.2973,11.44615848,Water,Pressure,0.005,1.00642,6.424336429,0.000201284,0.254,0.000670947,7,0.00005,0.001,0.6,1000
191935.1351,11.36371237,Water,Pressure,0.005,0.812156,6.617412081,0.000162431,0.254,0.000541437,7,0.00005,0.001,0.6,1000
190000,11.69615321,Water,Pressure,0.048464,97,172,0.002001486,0.05,0.0044,7,0.002,0.001,0.6,1000
190000,11.69615321,Water,Pressure,0.0282839,37,72,0.001308165,0.05,0.0044,7,0.002,0.001,0.6,1000
189139.973,11.28066371,Water,Pressure,0.005,0.778001,6.431218449,0.0001556,0.254,0.000518667,7,0.00005,0.001,0.6,1000
186344.8108,11.19699909,Water,Pressure,0.005,0.703782,5.988086353,0.000140756,0.254,0.000469188,7,0.00005,0.001,0.6,1000
185000,11.54123044,Water,Pressure,0.048464,92,165,0.001898316,0.05,0.00435,7,0.002,0.001,0.6,1000
185000,11.54123044,Water,Pressure,0.0282839,32,61,0.001131386,0.05,0.00435,7,0.002,0.001,0.6,1000
183549.6486,11.1127046,Water,Pressure,0.005,0.645813,5.575165158,0.000129163,0.254,0.000430542,7,0.00005,0.001,0.6,1000
182403.69,11.45995885,Water,Pressure,0.0116604,1.789684871,7.016316563,0.000153484,0.023,0.00051,7,0.000314,0.001,0.6,1000
182403.69,11.45995885,Water,Pressure,0.011366,1.744499181,6.786832397,0.000153484,0.023,0.00051,7,0.000314,0.001,0.6,1000
182403.69,11.45995885,Water,Pressure,0.0110717,1.699328839,6.557348232,0.000153484,0.023,0.00051,7,0.000314,0.001,0.6,1000
182403.69,11.45995885,Water,Pressure,0.0108,1.657627235,6.404350261,0.000153484,0.023,0.00051,7,0.000314,0.001,0.6,1000
182403.69,11.45995885,Water,Pressure,0.0103472,1.588129678,6.236055052,0.000153484,0.023,0.00051,7,0.000314,0.001,0.6,1000
180754.4865,11.0277658,Water,Pressure,0.005,0.636491,4.970363916,0.000127298,0.254,0.000424327,7,0.00005,0.001,0.6,1000
180000,11.38419958,Water,Pressure,0.048464,87,148,0.001795147,0.05,0.0043,7,0.002,0.001,0.6,1000
180000,11.38419958,Water,Pressure,0.0282839,27,52.55587101,0.000954607,0.05,0.0043,7,0.002,0.001,0.6,1000
179000,11.35253276,Water,Pressure,0.048464,85,178.5,0.001753879,0.05,0.00429,7,0.002,0.001,0.6,1000
179000,11.35253276,Water,Pressure,0.048464,84,177.24,0.001733245,0.05,0.00428,7,0.002,0.001,0.6,1000
179000,11.35253276,Water,Pressure,0.047887048,83,173.47,0.001733245,0.05,0.00427,7,0.002,0.001,0.6,1000
179000,11.35253276,Water,Pressure,0.048464,83,173.47,0.001712611,0.05,0.00427,7,0.002,0.001,0.6,1000
179000,11.35253276,Water,Pressure,0.047887048,82,164,0.001712363,0.05,0.00427,7,0.002,0.001,0.6,1000
179000,11.35253276,Water,Pressure,0.046719071,80,144,0.001712363,0.05,0.00427,7,0.002,0.001,0.6,1000
177959.3243,10.94216767,Water,Pressure,0.005,0.592566,4.971851133,0.000118513,0.254,0.000395044,7,0.00005,0.001,0.6,1000
175164.1622,10.85589463,Water,Pressure,0.005,0.520998,4.974504793,0.0001042,0.254,0.000347332,7,0.00005,0.001,0.6,1000
172369,10.76893046,Water,Pressure,0.005,0.535972,4.370840834,0.000107194,0.254,0.000357315,7,0.00005,0.001,0.6,1000
162000,10.8,Water,Pressure,0.002210487,0.176838959,4.770253333,0.00008,0.0331788,0.0002,7,0.000452389,0.001,0.6,1000
162000,10.8,Water,Pressure,0.002210487,0.176838959,4.723773333,0.00008,0.0362162,0.0002,7,0.000452389,0.001,0.6,1000
162000,10.8,Water,Pressure,0.002210487,0.176838959,4.686586667,0.00008,0.039051,0.0002,7,0.000452389,0.001,0.6,1000
162000,10.8,Water,Pressure,0.002210487,0.176838959,4.584333333,0.00008,0.0420897,0.0002,7,0.000452389,0.001,0.6,1000
162000,10.8,Water,Pressure,0.002210487,0.176838959,4.454186667,0.00008,0.0458375,0.0002,7,0.000452389,0.001,0.6,1000
162000,10.8,Water,Pressure,0.002210487,0.176838959,4.361226667,0.00008,0.0497868,0.0002,7,0.000452389,0.001,0.6,1000
162000,10.8,Water,Pressure,0.002210487,0.176838959,4.193893333,0.00008,0.05475,0.0002,7,0.000452389,0.001,0.6,1000
162000,10.8,Water,Pressure,0.002210487,0.176838959,4.11952,0.00008,0.0580917,0.0002,7,0.000452389,0.001,0.6,1000
162000,10.8,Water,Pressure,0.002210487,0.176838959,3.98008,0.00008,0.0624469,0.0002,7,0.000452389,0.001,0.6,1000
162000,10.8,Water,Pressure,0.002210487,0.176838959,3.766266667,0.00008,0.0658929,0.0002,7,0.000452389,0.001,0.6,1000
162000,10.8,Water,Pressure,0.002210487,0.176838959,3.571053333,0.00008,0.0702493,0.0002,7,0.000452389,0.001,0.6,1000
162000,10.8,Water,Pressure,0.002210487,0.176838959,3.375826667,0.00008,0.0726827,0.0002,7,0.000452389,0.001,0.6,1000
162000,10.8,Water,Pressure,0.002210487,0.176838959,3.180613333,0.00008,0.0744076,0.0002,7,0.000452389,0.001,0.6,1000
162000,10.8,Water,Pressure,0.002210487,0.176838959,2.9668,0.00008,0.076639,0.0002,7,0.000452389,0.001,0.6,1000
162000,10.8,Water,Pressure,0.002210487,0.176838959,2.87384,0.00008,0.0779568,0.0002,7,0.000452389,0.001,0.6,1000
160000,9.302042786,Water,Pressure,0.029912728,5.245901074,9.083209623,0.000175374,0.023,0.0006,7,0.0004,0.001,0.6,1000
160000,9.302042786,Water,Pressure,0.02820296,4.946053001,8.722641618,0.000175374,0.023,0.0006,7,0.0004,0.001,0.6,1000
160000,9.302042786,Water,Pressure,0.026634386,4.670966735,8.385807499,0.000175374,0.023,0.0006,7,0.0004,0.001,0.6,1000
160000,9.302042786,Water,Pressure,0.026601074,4.66512459,8.378587954,0.000175374,0.023,0.0006,7,0.0004,0.001,0.6,1000
160000,9.302042786,Water,Pressure,0.026173623,4.590161038,8.285698434,0.000175374,0.023,0.0006,7,0.0004,0.001,0.6,1000
160000,9.302042786,Water,Pressure,0.024517944,4.299798662,7.921330669,0.000175374,0.023,0.0006,7,0.0004,0.001,0.6,1000
160000,9.302042786,Water,Pressure,0.023951845,4.200519871,7.79500326,0.000175374,0.023,0.0006,7,0.0004,0.001,0.6,1000
138000,8.587657256,FC-72,Pressure,0.003203143,5.885775,21.91321053,0.000065,0.005,0.0007,12,0.000049,0.00064,0.057,1680
136000,10.72007463,Water,Pressure,0.036054422,4.957482993,18.13295,0.00055,0.0033,0.0007,7,0.000049,0.001,0.6,1000
136000,10.72007463,Water,Pressure,0.018027211,2.478741497,14.02545833,0.00055,0.0033,0.0007,7,0.000049,0.001,0.6,1000
136000,10.72007463,Water,Pressure,0.009013605,1.239370748,9.4171,0.00055,0.0033,0.0007,7,0.000049,0.001,0.6,1000
136000,10.72007463,Water,Pressure,0.036054422,4.506802721,15.48266667,0.0005,0.005,0.0007,7,0.000049,0.001,0.6,1000
136000,10.72007463,Water,Pressure,0.018027211,2.253401361,11.74866667,0.0005,0.005,0.0007,7,0.000049,0.001,0.6,1000
136000,10.72007463,Water,Pressure,0.009013605,1.12670068,6.375225,0.0005,0.005,0.0007,7,0.000049,0.001,0.6,1000
136000,10.72007463,Water,Pressure,0.036054422,4.146258503,13.07105333,0.00046,0.007,0.0007,7,0.000049,0.001,0.6,1000
136000,10.72007463,Water,Pressure,0.018027211,2.073129252,9.468103333,0.00046,0.007,0.0007,7,0.000049,0.001,0.6,1000
136000,10.72007463,Water,Pressure,0.009013605,1.036564626,4.189434667,0.00046,0.007,0.0007,7,0.000049,0.001,0.6,1000
131000,9.226256012,PF-5052,Pressure,0.14137271,62,95.48,0.000138,0.0111,0.0017,9.65,0.0001,0.000517,0.062,1643
131000,9.226256012,PF-5052,Pressure,0.139597342,61.2214,90.12161717,0.000138,0.0111,0.0017,9.65,0.0001,0.000517,0.062,1643
131000,9.226256012,PF-5052,Pressure,0.137969942,57,90.06,0.00013,0.0111,0.0017,9.65,0.0001,0.000517,0.062,1643
131000,9.226256012,PF-5052,Pressure,0.134130505,55.4138,84.36578943,0.00013,0.0111,0.0017,9.65,0.0001,0.000517,0.062,1643
131000,9.226256012,PF-5052,Pressure,0.134857838,54,88.02,0.000126,0.0111,0.0017,9.65,0.0001,0.000517,0.062,1643
131000,9.226256012,PF-5052,Pressure,0.130155795,52.1172,80.73403047,0.000126,0.0111,0.0017,9.65,0.0001,0.000517,0.062,1643
131000,9.226256012,PF-5052,Pressure,0.126925024,48,84,0.000119,0.0111,0.0017,9.65,0.0001,0.000517,0.062,1643
131000,9.226256012,PF-5052,Pressure,0.123786274,46.813,78.40546611,0.000119,0.0111,0.0017,9.65,0.0001,0.000517,0.062,1643
112234,8.240240895,Water,Pressure,0.00188,1.35342742,5.41006,0.000647917,0.03,0.00051,7,0.001963,0.0009,0.6,1000
112234,8.240240895,Water,Pressure,0.00188,1.268156898,5.21178,0.000607096,0.03,0.00051,7,0.001963,0.0009,0.6,1000
112234,8.240240895,Water,Pressure,0.00188,1.171176833,4.94624,0.00056067,0.03,0.00051,7,0.001963,0.0009,0.6,1000
112234,8.240240895,Water,Pressure,0.00188,1.105239981,4.58978,0.000529104,0.03,0.00051,7,0.001963,0.0009,0.6,1000
112234,8.240240895,Water,Pressure,0.00188,1.050612237,4.32323,0.000502953,0.03,0.00051,7,0.001963,0.0009,0.6,1000
112234,8.240240895,Water,Pressure,0.00188,1.020459095,3.92234,0.000488518,0.03,0.00051,7,0.001963,0.0009,0.6,1000
103421,8.197741506,PF-5052,Pressure,0.087139086,34.4493,76.7217858,0.0001244,0.01166,0.00119,9.65,0.0001,0.000517,0.062,1643
103421,8.197741506,PF-5052,Pressure,0.083773386,32.3999,72.88181316,0.0001217,0.01166,0.00119,9.65,0.0001,0.000517,0.062,1643
103421,8.197741506,PF-5052,Pressure,0.079961972,30.2397,68.22489098,0.000119,0.01166,0.00119,9.65,0.0001,0.000517,0.062,1643
100000,8.485281374,PF-5052,Pressure,0.14137271,61,105,0.000138,0.0111,0.0017,9.65,0.0001,0.000517,0.062,1643
100000,8.485281374,PF-5052,Pressure,0.139597342,60,101,0.000138,0.0111,0.0017,9.65,0.0001,0.000517,0.062,1643
41368.5,5.184713232,PF-5052,Pressure,0.036085813,12.5,50.53499013,0.000109,0.00943,0.00076,9.65,0.0001,0.000517,0.062,1643
41368.5,5.184713232,PF-5052,Pressure,0.034642381,12,45.60168908,0.000109,0.00943,0.00076,9.65,0.0001,0.000517,0.062,1643
